date,website,headline_count
2024-05-17,Decrypt,15
2024-05-17,Blockworks,24
2024-05-17,CoinDesk,9
2024-05-17,U.Today,94
2024-05-17,BeInCrypto,6
2024-05-17,CryptoTimes,30
2024-05-18,Decrypt,15
2024-05-18,Blockworks,24
2024-05-18,CoinDesk,9
2024-05-18,U.Today,94
2024-05-18,BeInCrypto,6
2024-05-18,CryptoTimes,30
2024-05-19,Decrypt,15
2024-05-19,Blockworks,24
2024-05-19,CoinDesk,9
2024-05-19,U.Today,94
2024-05-19,BeInCrypto,6
2024-05-19,CryptoTimes,30
2024-05-20,Decrypt,15
2024-05-20,Blockworks,24
2024-05-20,CoinDesk,9
2024-05-20,U.Today,94
2024-05-20,BeInCrypto,6
2024-05-20,CryptoTimes,30
2024-05-21,Decrypt,15
2024-05-21,Blockworks,24
2024-05-21,CoinDesk,9
2024-05-21,U.Today,94
2024-05-21,BeInCrypto,6
2024-05-21,CryptoTimes,30
2024-05-22,Decrypt,15
2024-05-22,Blockworks,24
2024-05-22,CoinDesk,9
2024-05-22,U.Today,94
2024-05-22,BeInCrypto,6
2024-05-22,CryptoTimes,30
2024-05-23,Decrypt,15
2024-05-23,Blockworks,24
2024-05-23,CoinDesk,9
2024-05-23,U.Today,94
2024-05-23,BeInCrypto,6
2024-05-23,CryptoTimes,30
2024-05-24,Decrypt,15
2024-05-24,Blockworks,24
2024-05-24,CoinDesk,9
2024-05-24,U.Today,94
2024-05-24,BeInCrypto,6
2024-05-24,CryptoTimes,30
2024-05-25,Decrypt,15
2024-05-25,Blockworks,24
2024-05-25,CoinDesk,9
2024-05-25,U.Today,94
2024-05-25,BeInCrypto,6
2024-05-25,CryptoTimes,30
2024-05-26,Decrypt,15
2024-05-26,Blockworks,24
2024-05-26,CoinDesk,9
2024-05-26,U.Today,94
2024-05-26,BeInCrypto,6
2024-05-26,CryptoTimes,30
2024-05-27,Decrypt,15
2024-05-27,Blockworks,24
2024-05-27,CoinDesk,9
2024-05-27,U.Today,94
2024-05-27,BeInCrypto,6
2024-05-27,CryptoTimes,30
2024-05-28,Decrypt,15
2024-05-28,Blockworks,24
2024-05-28,CoinDesk,9
2024-05-28,U.Today,94
2024-05-28,BeInCrypto,6
2024-05-28,CryptoTimes,30
2024-05-29,Decrypt,15
2024-05-29,Blockworks,24
2024-05-29,CoinDesk,9
2024-05-29,U.Today,94
2024-05-29,BeInCrypto,6
2024-05-29,CryptoTimes,30
2024-05-30,Decrypt,15
2024-05-30,Blockworks,24
2024-05-30,CoinDesk,9
2024-05-30,U.Today,94
2024-05-30,BeInCrypto,6
2024-05-30,CryptoTimes,30
2024-05-31,Decrypt,15
2024-05-31,Blockworks,24
2024-05-31,CoinDesk,9
2024-05-31,U.Today,94
2024-05-31,BeInCrypto,6
2024-05-31,CryptoTimes,30
2024-06-01,Decrypt,15
2024-06-01,Blockworks,24
2024-06-01,CoinDesk,9
2024-06-01,U.Today,94
2024-06-01,BeInCrypto,6
2024-06-01,CryptoTimes,30
2024-06-02,Decrypt,15
2024-06-02,Blockworks,24
2024-06-02,CoinDesk,9
2024-06-02,U.Today,94
2024-06-02,BeInCrypto,6
2024-06-02,CryptoTimes,30
2024-06-03,Decrypt,15
2024-06-03,Blockworks,24
2024-06-03,CoinDesk,9
2024-06-03,U.Today,94
2024-06-03,BeInCrypto,6
2024-06-03,CryptoTimes,30
2024-06-04,Decrypt,15
2024-06-04,Blockworks,24
2024-06-04,CoinDesk,9
2024-06-04,U.Today,94
2024-06-04,BeInCrypto,6
2024-06-04,CryptoTimes,30
2024-06-05,Decrypt,15
2024-06-05,Blockworks,24
2024-06-05,CoinDesk,9
2024-06-05,U.Today,94
2024-06-05,BeInCrypto,6
2024-06-05,CryptoTimes,30
2024-06-06,Decrypt,15
2024-06-06,Blockworks,24
2024-06-06,CoinDesk,9
2024-06-06,U.Today,94
2024-06-06,BeInCrypto,6
2024-06-06,CryptoTimes,30
2024-06-07,Decrypt,15
2024-06-07,Blockworks,24
2024-06-07,CoinDesk,9
2024-06-07,U.Today,94
2024-06-07,BeInCrypto,6
2024-06-07,CryptoTimes,30
2024-06-08,Decrypt,15
2024-06-08,Blockworks,24
2024-06-08,CoinDesk,9
2024-06-08,U.Today,94
2024-06-08,BeInCrypto,6
2024-06-08,CryptoTimes,30
2024-06-09,Decrypt,15
2024-06-09,Blockworks,24
2024-06-09,CoinDesk,9
2024-06-09,U.Today,94
2024-06-09,BeInCrypto,6
2024-06-09,CryptoTimes,30
2024-06-10,Decrypt,15
2024-06-10,Blockworks,24
2024-06-10,CoinDesk,9
2024-06-10,U.Today,94
2024-06-10,BeInCrypto,6
2024-06-10,CryptoTimes,30
2024-06-11,Decrypt,15
2024-06-11,Blockworks,24
2024-06-11,CoinDesk,9
2024-06-11,U.Today,94
2024-06-11,BeInCrypto,6
2024-06-11,CryptoTimes,30
2024-06-12,Decrypt,15
2024-06-12,Blockworks,24
2024-06-12,CoinDesk,9
2024-06-12,U.Today,94
2024-06-12,BeInCrypto,6
2024-06-12,CryptoTimes,30
2024-06-13,Decrypt,15
2024-06-13,Blockworks,24
2024-06-13,CoinDesk,9
2024-06-13,U.Today,94
2024-06-13,BeInCrypto,0
2024-06-13,CryptoTimes,30
2024-06-14,Decrypt,15
2024-06-14,Blockworks,24
2024-06-14,CoinDesk,9
2024-06-14,U.Today,94
2024-06-14,BeInCrypto,6
2024-06-14,CryptoTimes,30
2024-06-15,Decrypt,15
2024-06-15,Blockworks,24
2024-06-15,CoinDesk,9
2024-06-15,U.Today,94
2024-06-15,BeInCrypto,6
2024-06-15,CryptoTimes,30
2024-06-16,Decrypt,15
2024-06-16,Blockworks,24
2024-06-16,CoinDesk,9
2024-06-16,U.Today,94
2024-06-16,BeInCrypto,6
2024-06-16,CryptoTimes,30
2024-06-17,Decrypt,15
2024-06-17,Blockworks,24
2024-06-17,CoinDesk,9
2024-06-17,U.Today,94
2024-06-17,BeInCrypto,6
2024-06-17,CryptoTimes,30
2024-06-18,Decrypt,15
2024-06-18,Blockworks,24
2024-06-18,CoinDesk,9
2024-06-18,U.Today,94
2024-06-18,BeInCrypto,6
2024-06-18,CryptoTimes,30
2024-06-19,Decrypt,15
2024-06-19,Blockworks,24
2024-06-19,CoinDesk,9
2024-06-19,U.Today,94
2024-06-19,BeInCrypto,6
2024-06-19,CryptoTimes,30
2024-06-20,Decrypt,15
2024-06-20,Blockworks,24
2024-06-20,CoinDesk,9
2024-06-20,U.Today,94
2024-06-20,BeInCrypto,6
2024-06-20,CryptoTimes,30
2024-06-21,Decrypt,15
2024-06-21,Blockworks,24
2024-06-21,CoinDesk,9
2024-06-21,U.Today,94
2024-06-21,BeInCrypto,6
2024-06-21,CryptoTimes,30
2024-06-22,Decrypt,15
2024-06-22,Blockworks,24
2024-06-22,CoinDesk,9
2024-06-22,U.Today,94
2024-06-22,BeInCrypto,0
2024-06-22,CryptoTimes,30
2024-06-23,Decrypt,15
2024-06-23,Blockworks,24
2024-06-23,CoinDesk,9
2024-06-23,U.Today,94
2024-06-23,BeInCrypto,0
2024-06-23,CryptoTimes,30
2024-06-24,Decrypt,15
2024-06-24,Blockworks,24
2024-06-24,CoinDesk,9
2024-06-24,U.Today,94
2024-06-24,BeInCrypto,0
2024-06-24,CryptoTimes,30
2024-06-25,Decrypt,15
2024-06-25,Blockworks,24
2024-06-25,CoinDesk,9
2024-06-25,U.Today,94
2024-06-25,BeInCrypto,0
2024-06-25,CryptoTimes,30
2024-06-26,Decrypt,0
2024-06-26,Blockworks,24
2024-06-26,CoinDesk,9
2024-06-26,U.Today,94
2024-06-26,BeInCrypto,6
2024-06-26,CryptoTimes,30
2024-06-27,Decrypt,15
2024-06-27,Blockworks,24
2024-06-27,CoinDesk,9
2024-06-27,U.Today,94
2024-06-27,BeInCrypto,6
2024-06-27,CryptoTimes,30
2024-06-28,Decrypt,15
2024-06-28,Blockworks,24
2024-06-28,CoinDesk,9
2024-06-28,U.Today,94
2024-06-28,BeInCrypto,6
2024-06-28,CryptoTimes,30
2024-06-29,Decrypt,15
2024-06-29,Blockworks,24
2024-06-29,CoinDesk,9
2024-06-29,U.Today,94
2024-06-29,BeInCrypto,6
2024-06-29,CryptoTimes,30
2024-06-30,Decrypt,15
2024-06-30,Blockworks,24
2024-06-30,CoinDesk,9
2024-06-30,U.Today,94
2024-06-30,BeInCrypto,6
2024-06-30,CryptoTimes,30
2024-07-01,Decrypt,15
2024-07-01,Blockworks,24
2024-07-01,CoinDesk,9
2024-07-01,U.Today,94
2024-07-01,BeInCrypto,6
2024-07-01,CryptoTimes,30
2024-07-02,Decrypt,15
2024-07-02,Blockworks,24
2024-07-02,CoinDesk,9
2024-07-02,U.Today,94
2024-07-02,BeInCrypto,6
2024-07-02,CryptoTimes,30
2024-07-03,Decrypt,15
2024-07-03,Blockworks,24
2024-07-03,CoinDesk,9
2024-07-03,U.Today,94
2024-07-03,BeInCrypto,6
2024-07-03,CryptoTimes,30
2024-07-04,Decrypt,15
2024-07-04,Blockworks,24
2024-07-04,CoinDesk,9
2024-07-04,U.Today,94
2024-07-04,BeInCrypto,0
2024-07-04,CryptoTimes,30
2024-07-05,Decrypt,15
2024-07-05,Blockworks,24
2024-07-05,CoinDesk,8
2024-07-05,U.Today,94
2024-07-05,BeInCrypto,6
2024-07-05,CryptoTimes,30
2024-07-06,Decrypt,15
2024-07-06,Blockworks,24
2024-07-06,CoinDesk,9
2024-07-06,U.Today,94
2024-07-06,BeInCrypto,6
2024-07-06,CryptoTimes,30
2024-07-07,Decrypt,15
2024-07-07,Blockworks,24
2024-07-07,CoinDesk,9
2024-07-07,U.Today,94
2024-07-07,BeInCrypto,6
2024-07-07,CryptoTimes,30
2024-07-08,Decrypt,15
2024-07-08,Blockworks,24
2024-07-08,CoinDesk,9
2024-07-08,U.Today,94
2024-07-08,BeInCrypto,6
2024-07-08,CryptoTimes,30
2024-07-09,Decrypt,15
2024-07-09,Blockworks,24
2024-07-09,CoinDesk,9
2024-07-09,U.Today,94
2024-07-09,BeInCrypto,6
2024-07-09,CryptoTimes,30
2024-07-10,Decrypt,15
2024-07-10,Blockworks,24
2024-07-10,CoinDesk,9
2024-07-10,U.Today,94
2024-07-10,BeInCrypto,6
2024-07-10,CryptoTimes,30
2024-07-11,Decrypt,15
2024-07-11,Blockworks,24
2024-07-11,CoinDesk,9
2024-07-11,U.Today,94
2024-07-11,BeInCrypto,6
2024-07-11,CryptoTimes,30
2024-07-12,Decrypt,15
2024-07-12,Blockworks,24
2024-07-12,CoinDesk,9
2024-07-12,U.Today,94
2024-07-12,BeInCrypto,6
2024-07-12,CryptoTimes,30
2024-07-13,Decrypt,15
2024-07-13,Blockworks,24
2024-07-13,CoinDesk,9
2024-07-13,U.Today,103
2024-07-13,BeInCrypto,6
2024-07-13,CryptoTimes,30
2024-07-14,Decrypt,15
2024-07-14,Blockworks,24
2024-07-14,CoinDesk,9
2024-07-14,U.Today,103
2024-07-14,BeInCrypto,6
2024-07-14,CryptoTimes,30
2024-07-15,Decrypt,15
2024-07-15,Blockworks,24
2024-07-15,CoinDesk,9
2024-07-15,U.Today,103
2024-07-15,BeInCrypto,6
2024-07-15,CryptoTimes,30
2024-07-16,Decrypt,15
2024-07-16,Blockworks,24
2024-07-16,CoinDesk,9
2024-07-16,U.Today,103
2024-07-16,BeInCrypto,6
2024-07-16,CryptoTimes,30
2024-07-17,Decrypt,15
2024-07-17,Blockworks,24
2024-07-17,CoinDesk,9
2024-07-17,U.Today,103
2024-07-17,BeInCrypto,6
2024-07-17,CryptoTimes,30
2024-07-18,Decrypt,15
2024-07-18,Blockworks,24
2024-07-18,CoinDesk,9
2024-07-18,U.Today,103
2024-07-18,BeInCrypto,0
2024-07-18,CryptoTimes,30
2024-07-19,Decrypt,15
2024-07-19,Blockworks,24
2024-07-19,CoinDesk,9
2024-07-19,U.Today,103
2024-07-19,BeInCrypto,0
2024-07-19,CryptoTimes,30
2024-07-20,Decrypt,15
2024-07-20,Blockworks,24
2024-07-20,CoinDesk,9
2024-07-20,U.Today,103
2024-07-20,BeInCrypto,0
2024-07-20,CryptoTimes,30
2024-07-21,Decrypt,15
2024-07-21,Blockworks,24
2024-07-21,CoinDesk,9
2024-07-21,U.Today,103
2024-07-21,BeInCrypto,0
2024-07-21,CryptoTimes,30
2024-07-22,Decrypt,15
2024-07-22,Blockworks,24
2024-07-22,CoinDesk,9
2024-07-22,U.Today,103
2024-07-22,BeInCrypto,0
2024-07-22,CryptoTimes,30
2024-07-23,Decrypt,15
2024-07-23,Blockworks,24
2024-07-23,CoinDesk,9
2024-07-23,U.Today,103
2024-07-23,BeInCrypto,0
2024-07-23,CryptoTimes,30
2024-07-24,Decrypt,15
2024-07-24,Blockworks,24
2024-07-24,CoinDesk,9
2024-07-24,U.Today,103
2024-07-24,BeInCrypto,0
2024-07-24,CryptoTimes,30
2024-07-25,Decrypt,15
2024-07-25,Blockworks,24
2024-07-25,CoinDesk,9
2024-07-25,U.Today,103
2024-07-25,BeInCrypto,0
2024-07-25,CryptoTimes,30
2024-07-26,Decrypt,15
2024-07-26,Blockworks,24
2024-07-26,CoinDesk,9
2024-07-26,U.Today,103
2024-07-26,BeInCrypto,0
2024-07-26,CryptoTimes,30
2024-07-27,Decrypt,15
2024-07-27,Blockworks,24
2024-07-27,CoinDesk,9
2024-07-27,U.Today,103
2024-07-27,BeInCrypto,0
2024-07-27,CryptoTimes,30
2024-07-28,Decrypt,15
2024-07-28,Blockworks,24
2024-07-28,CoinDesk,9
2024-07-28,U.Today,103
2024-07-28,BeInCrypto,0
2024-07-28,CryptoTimes,30
2024-07-29,Decrypt,15
2024-07-29,Blockworks,24
2024-07-29,CoinDesk,9
2024-07-29,U.Today,103
2024-07-29,BeInCrypto,0
2024-07-29,CryptoTimes,30
2024-07-30,Decrypt,15
2024-07-30,Blockworks,24
2024-07-30,CoinDesk,9
2024-07-30,U.Today,103
2024-07-30,BeInCrypto,0
2024-07-30,CryptoTimes,30
2024-07-31,Decrypt,15
2024-07-31,Blockworks,24
2024-07-31,CoinDesk,9
2024-07-31,U.Today,103
2024-07-31,BeInCrypto,0
2024-07-31,CryptoTimes,30
2024-08-01,Decrypt,15
2024-08-01,Blockworks,24
2024-08-01,CoinDesk,9
2024-08-01,U.Today,103
2024-08-01,BeInCrypto,0
2024-08-01,CryptoTimes,30
2024-08-02,Decrypt,15
2024-08-02,Blockworks,24
2024-08-02,CoinDesk,9
2024-08-02,U.Today,103
2024-08-02,BeInCrypto,6
2024-08-02,CryptoTimes,30
2024-08-03,Decrypt,15
2024-08-03,Blockworks,24
2024-08-03,CoinDesk,9
2024-08-03,U.Today,103
2024-08-03,BeInCrypto,6
2024-08-03,CryptoTimes,30
2024-08-04,Decrypt,15
2024-08-04,Blockworks,24
2024-08-04,CoinDesk,9
2024-08-04,U.Today,103
2024-08-04,BeInCrypto,6
2024-08-04,CryptoTimes,30
2024-08-05,Decrypt,15
2024-08-05,Blockworks,24
2024-08-05,CoinDesk,9
2024-08-05,U.Today,103
2024-08-05,BeInCrypto,6
2024-08-05,CryptoTimes,30
2024-08-06,Decrypt,15
2024-08-06,Blockworks,24
2024-08-06,CoinDesk,9
2024-08-06,U.Today,103
2024-08-06,BeInCrypto,6
2024-08-06,CryptoTimes,30
2024-08-07,Decrypt,15
2024-08-07,Blockworks,24
2024-08-07,CoinDesk,9
2024-08-07,U.Today,103
2024-08-07,BeInCrypto,6
2024-08-07,CryptoTimes,30
2024-08-08,Decrypt,15
2024-08-08,Blockworks,24
2024-08-08,CoinDesk,9
2024-08-08,U.Today,103
2024-08-08,BeInCrypto,6
2024-08-08,CryptoTimes,30
2024-08-09,Decrypt,15
2024-08-09,Blockworks,24
2024-08-09,CoinDesk,9
2024-08-09,U.Today,103
2024-08-09,BeInCrypto,6
2024-08-09,CryptoTimes,30
2024-08-10,Decrypt,15
2024-08-10,Blockworks,24
2024-08-10,CoinDesk,9
2024-08-10,U.Today,103
2024-08-10,BeInCrypto,0
2024-08-10,CryptoTimes,30
2024-08-11,Decrypt,15
2024-08-11,Blockworks,24
2024-08-11,CoinDesk,9
2024-08-11,U.Today,103
2024-08-11,BeInCrypto,6
2024-08-11,CryptoTimes,30
2024-08-12,Decrypt,15
2024-08-12,Blockworks,24
2024-08-12,CoinDesk,9
2024-08-12,U.Today,103
2024-08-12,BeInCrypto,6
2024-08-12,CryptoTimes,30
2024-08-13,Decrypt,15
2024-08-13,Blockworks,24
2024-08-13,CoinDesk,9
2024-08-13,U.Today,103
2024-08-13,BeInCrypto,6
2024-08-13,CryptoTimes,30
2024-08-14,Decrypt,15
2024-08-14,Blockworks,24
2024-08-14,CoinDesk,9
2024-08-14,U.Today,103
2024-08-14,BeInCrypto,6
2024-08-14,CryptoTimes,30
2024-08-15,Decrypt,15
2024-08-15,Blockworks,24
2024-08-15,CoinDesk,9
2024-08-15,U.Today,103
2024-08-15,BeInCrypto,6
2024-08-15,CryptoTimes,30
2024-08-16,Decrypt,15
2024-08-16,Blockworks,24
2024-08-16,CoinDesk,9
2024-08-16,U.Today,103
2024-08-16,BeInCrypto,6
2024-08-16,CryptoTimes,30
2024-08-17,Decrypt,15
2024-08-17,Blockworks,24
2024-08-17,CoinDesk,9
2024-08-17,U.Today,103
2024-08-17,BeInCrypto,6
2024-08-17,CryptoTimes,30
2024-08-18,Decrypt,15
2024-08-18,Blockworks,24
2024-08-18,CoinDesk,9
2024-08-18,U.Today,103
2024-08-18,BeInCrypto,6
2024-08-18,CryptoTimes,30
2024-08-19,Decrypt,15
2024-08-19,Blockworks,24
2024-08-19,CoinDesk,9
2024-08-19,U.Today,103
2024-08-19,BeInCrypto,6
2024-08-19,CryptoTimes,30
2024-08-20,Decrypt,15
2024-08-20,Blockworks,24
2024-08-20,CoinDesk,9
2024-08-20,U.Today,103
2024-08-20,BeInCrypto,6
2024-08-20,CryptoTimes,30
2024-08-21,Decrypt,15
2024-08-21,Blockworks,24
2024-08-21,CoinDesk,9
2024-08-21,U.Today,103
2024-08-21,BeInCrypto,6
2024-08-21,CryptoTimes,30
2024-08-22,Decrypt,15
2024-08-22,Blockworks,24
2024-08-22,CoinDesk,9
2024-08-22,U.Today,103
2024-08-22,BeInCrypto,6
2024-08-22,CryptoTimes,30
2024-08-23,Decrypt,15
2024-08-23,Blockworks,24
2024-08-23,CoinDesk,9
2024-08-23,U.Today,103
2024-08-23,BeInCrypto,6
2024-08-23,CryptoTimes,30
2024-08-24,Decrypt,15
2024-08-24,Blockworks,24
2024-08-24,CoinDesk,9
2024-08-24,U.Today,103
2024-08-24,BeInCrypto,6
2024-08-24,CryptoTimes,30
2024-08-25,Decrypt,15
2024-08-25,Blockworks,24
2024-08-25,CoinDesk,9
2024-08-25,U.Today,103
2024-08-25,BeInCrypto,6
2024-08-25,CryptoTimes,30
2024-08-26,Decrypt,15
2024-08-26,Blockworks,24
2024-08-26,CoinDesk,9
2024-08-26,U.Today,103
2024-08-26,BeInCrypto,6
2024-08-26,CryptoTimes,30
2024-08-27,Decrypt,15
2024-08-27,Blockworks,24
2024-08-27,CoinDesk,9
2024-08-27,U.Today,103
2024-08-27,BeInCrypto,6
2024-08-27,CryptoTimes,30
2024-08-28,Decrypt,15
2024-08-28,Blockworks,24
2024-08-28,CoinDesk,9
2024-08-28,U.Today,103
2024-08-28,BeInCrypto,6
2024-08-28,CryptoTimes,30
2024-08-29,Decrypt,15
2024-08-29,Blockworks,24
2024-08-29,CoinDesk,9
2024-08-29,U.Today,103
2024-08-29,BeInCrypto,6
2024-08-29,CryptoTimes,30
2024-08-30,Decrypt,15
2024-08-30,Blockworks,24
2024-08-30,CoinDesk,9
2024-08-30,U.Today,103
2024-08-30,BeInCrypto,6
2024-08-30,CryptoTimes,30
2024-08-31,Decrypt,15
2024-08-31,Blockworks,24
2024-08-31,CoinDesk,9
2024-08-31,U.Today,103
2024-08-31,BeInCrypto,6
2024-08-31,CryptoTimes,30
2024-09-01,Decrypt,15
2024-09-01,Blockworks,24
2024-09-01,CoinDesk,9
2024-09-01,U.Today,103
2024-09-01,BeInCrypto,6
2024-09-01,CryptoTimes,30
2024-09-02,Decrypt,15
2024-09-02,Blockworks,24
2024-09-02,CoinDesk,9
2024-09-02,U.Today,103
2024-09-02,BeInCrypto,6
2024-09-02,CryptoTimes,30
2024-09-03,Decrypt,15
2024-09-03,Blockworks,24
2024-09-03,CoinDesk,9
2024-09-03,U.Today,103
2024-09-03,BeInCrypto,6
2024-09-03,CryptoTimes,30
2024-09-04,Decrypt,15
2024-09-04,Blockworks,24
2024-09-04,CoinDesk,9
2024-09-04,U.Today,103
2024-09-04,BeInCrypto,0
2024-09-04,CryptoTimes,30
2024-09-05,Decrypt,15
2024-09-05,Blockworks,24
2024-09-05,CoinDesk,9
2024-09-05,U.Today,103
2024-09-05,BeInCrypto,6
2024-09-05,CryptoTimes,30
2024-09-06,Decrypt,15
2024-09-06,Blockworks,24
2024-09-06,CoinDesk,9
2024-09-06,U.Today,103
2024-09-06,BeInCrypto,6
2024-09-06,CryptoTimes,30
2024-09-07,Decrypt,15
2024-09-07,Blockworks,24
2024-09-07,CoinDesk,9
2024-09-07,U.Today,103
2024-09-07,BeInCrypto,6
2024-09-07,CryptoTimes,30
2024-09-08,Decrypt,15
2024-09-08,Blockworks,24
2024-09-08,CoinDesk,9
2024-09-08,U.Today,103
2024-09-08,BeInCrypto,6
2024-09-08,CryptoTimes,30
2024-09-09,Decrypt,15
2024-09-09,Blockworks,24
2024-09-09,CoinDesk,9
2024-09-09,U.Today,103
2024-09-09,BeInCrypto,6
2024-09-09,CryptoTimes,30
2024-09-10,Decrypt,15
2024-09-10,Blockworks,24
2024-09-10,CoinDesk,9
2024-09-10,U.Today,103
2024-09-10,BeInCrypto,6
2024-09-10,CryptoTimes,30
2024-09-11,Decrypt,15
2024-09-11,Blockworks,24
2024-09-11,CoinDesk,9
2024-09-11,U.Today,103
2024-09-11,BeInCrypto,6
2024-09-11,CryptoTimes,30
2024-09-12,Decrypt,15
2024-09-12,Blockworks,24
2024-09-12,CoinDesk,9
2024-09-12,U.Today,97
2024-09-12,BeInCrypto,6
2024-09-12,CryptoTimes,30
2024-09-13,Decrypt,15
2024-09-13,Blockworks,24
2024-09-13,CoinDesk,9
2024-09-13,U.Today,97
2024-09-13,BeInCrypto,6
2024-09-13,CryptoTimes,30
2024-09-14,Decrypt,15
2024-09-14,Blockworks,24
2024-09-14,CoinDesk,9
2024-09-14,U.Today,97
2024-09-14,BeInCrypto,6
2024-09-14,CryptoTimes,30
2024-09-15,Decrypt,15
2024-09-15,Blockworks,24
2024-09-15,CoinDesk,9
2024-09-15,U.Today,97
2024-09-15,BeInCrypto,6
2024-09-15,CryptoTimes,30
2024-09-16,Decrypt,15
2024-09-16,Blockworks,24
2024-09-16,CoinDesk,9
2024-09-16,U.Today,97
2024-09-16,BeInCrypto,6
2024-09-16,CryptoTimes,30
2024-09-17,Decrypt,15
2024-09-17,Blockworks,24
2024-09-17,CoinDesk,9
2024-09-17,U.Today,97
2024-09-17,BeInCrypto,6
2024-09-17,CryptoTimes,30
2024-09-18,Decrypt,15
2024-09-18,Blockworks,24
2024-09-18,CoinDesk,9
2024-09-18,U.Today,97
2024-09-18,BeInCrypto,6
2024-09-18,CryptoTimes,30
2024-09-19,Decrypt,15
2024-09-19,Blockworks,24
2024-09-19,CoinDesk,9
2024-09-19,U.Today,97
2024-09-19,BeInCrypto,0
2024-09-19,CryptoTimes,30
2024-09-20,Decrypt,15
2024-09-20,Blockworks,24
2024-09-20,CoinDesk,9
2024-09-20,U.Today,97
2024-09-20,BeInCrypto,6
2024-09-20,CryptoTimes,30
2024-09-21,Decrypt,15
2024-09-21,Blockworks,24
2024-09-21,CoinDesk,9
2024-09-21,U.Today,97
2024-09-21,BeInCrypto,0
2024-09-21,CryptoTimes,30
2024-09-23,Decrypt,15
2024-09-23,Blockworks,24
2024-09-23,CoinDesk,9
2024-09-23,U.Today,97
2024-09-23,BeInCrypto,0
2024-09-23,CryptoTimes,30
2024-09-24,Decrypt,15
2024-09-24,Blockworks,24
2024-09-24,CoinDesk,9
2024-09-24,U.Today,97
2024-09-24,BeInCrypto,0
2024-09-24,CryptoTimes,30
2024-09-25,Decrypt,15
2024-09-25,Blockworks,24
2024-09-25,CoinDesk,9
2024-09-25,U.Today,97
2024-09-25,BeInCrypto,6
2024-09-25,CryptoTimes,30
2024-09-26,Decrypt,15
2024-09-26,Blockworks,24
2024-09-26,CoinDesk,9
2024-09-26,U.Today,97
2024-09-26,BeInCrypto,6
2024-09-26,CryptoTimes,30
2024-09-27,Decrypt,15
2024-09-27,Blockworks,24
2024-09-27,CoinDesk,9
2024-09-27,U.Today,97
2024-09-27,BeInCrypto,6
2024-09-27,CryptoTimes,30
2024-09-28,Decrypt,15
2024-09-28,Blockworks,24
2024-09-28,CoinDesk,9
2024-09-28,U.Today,97
2024-09-28,BeInCrypto,6
2024-09-28,CryptoTimes,30
2024-09-29,Decrypt,15
2024-09-29,Blockworks,24
2024-09-29,CoinDesk,9
2024-09-29,U.Today,97
2024-09-29,BeInCrypto,6
2024-09-29,CryptoTimes,30
2024-09-30,Decrypt,15
2024-09-30,Blockworks,24
2024-09-30,CoinDesk,9
2024-09-30,U.Today,97
2024-09-30,BeInCrypto,6
2024-09-30,CryptoTimes,30
2024-10-01,Decrypt,15
2024-10-01,Blockworks,24
2024-10-01,CoinDesk,9
2024-10-01,U.Today,97
2024-10-01,BeInCrypto,6
2024-10-01,CryptoTimes,30
2024-10-02,Decrypt,15
2024-10-02,Blockworks,24
2024-10-02,CoinDesk,9
2024-10-02,U.Today,97
2024-10-02,BeInCrypto,6
2024-10-02,CryptoTimes,30
2024-10-03,Decrypt,15
2024-10-03,Blockworks,24
2024-10-03,CoinDesk,9
2024-10-03,U.Today,97
2024-10-03,BeInCrypto,6
2024-10-03,CryptoTimes,30
2024-10-04,Decrypt,15
2024-10-04,Blockworks,24
2024-10-04,CoinDesk,9
2024-10-04,U.Today,97
2024-10-04,BeInCrypto,6
2024-10-04,CryptoTimes,30
2024-10-05,Decrypt,15
2024-10-05,Blockworks,24
2024-10-05,CoinDesk,9
2024-10-05,U.Today,97
2024-10-05,BeInCrypto,6
2024-10-05,CryptoTimes,30
2024-10-06,Decrypt,15
2024-10-06,Blockworks,24
2024-10-06,CoinDesk,9
2024-10-06,U.Today,97
2024-10-06,BeInCrypto,6
2024-10-06,CryptoTimes,30
2024-10-07,Decrypt,15
2024-10-07,Blockworks,24
2024-10-07,CoinDesk,9
2024-10-07,U.Today,97
2024-10-07,BeInCrypto,6
2024-10-07,CryptoTimes,30
2024-10-08,Decrypt,15
2024-10-08,Blockworks,24
2024-10-08,CoinDesk,9
2024-10-08,U.Today,97
2024-10-08,BeInCrypto,6
2024-10-08,CryptoTimes,30
2024-10-09,Decrypt,15
2024-10-09,Blockworks,24
2024-10-09,CoinDesk,9
2024-10-09,U.Today,97
2024-10-09,BeInCrypto,6
2024-10-09,CryptoTimes,30
2024-10-10,Decrypt,15
2024-10-10,Blockworks,24
2024-10-10,CoinDesk,9
2024-10-10,U.Today,97
2024-10-10,BeInCrypto,0
2024-10-10,CryptoTimes,30
2024-10-11,Decrypt,15
2024-10-11,Blockworks,24
2024-10-11,CoinDesk,9
2024-10-11,U.Today,97
2024-10-11,BeInCrypto,6
2024-10-11,CryptoTimes,30
2024-10-12,Decrypt,15
2024-10-12,Blockworks,24
2024-10-12,CoinDesk,9
2024-10-12,U.Today,97
2024-10-12,BeInCrypto,0
2024-10-12,CryptoTimes,30
2024-10-13,Decrypt,15
2024-10-13,Blockworks,24
2024-10-13,CoinDesk,9
2024-10-13,U.Today,97
2024-10-13,BeInCrypto,0
2024-10-13,CryptoTimes,30
2024-10-14,Decrypt,15
2024-10-14,Blockworks,24
2024-10-14,CoinDesk,9
2024-10-14,U.Today,97
2024-10-14,BeInCrypto,0
2024-10-14,CryptoTimes,30
2024-10-15,Decrypt,15
2024-10-15,Blockworks,24
2024-10-15,CoinDesk,9
2024-10-15,U.Today,97
2024-10-15,BeInCrypto,6
2024-10-15,CryptoTimes,30
2024-10-16,Decrypt,15
2024-10-16,Blockworks,24
2024-10-16,CoinDesk,9
2024-10-16,U.Today,97
2024-10-16,BeInCrypto,6
2024-10-16,CryptoTimes,30
2024-10-17,Decrypt,15
2024-10-17,Blockworks,24
2024-10-17,CoinDesk,9
2024-10-17,U.Today,97
2024-10-17,BeInCrypto,6
2024-10-17,CryptoTimes,30
2024-10-18,Decrypt,15
2024-10-18,Blockworks,24
2024-10-18,CoinDesk,9
2024-10-18,U.Today,97
2024-10-18,BeInCrypto,6
2024-10-18,CryptoTimes,30
2024-10-19,Decrypt,15
2024-10-19,Blockworks,24
2024-10-19,CoinDesk,9
2024-10-19,U.Today,97
2024-10-19,BeInCrypto,6
2024-10-19,CryptoTimes,0
2024-10-20,Decrypt,15
2024-10-20,Blockworks,24
2024-10-20,CoinDesk,9
2024-10-20,U.Today,97
2024-10-20,BeInCrypto,6
2024-10-20,CryptoTimes,0
2024-10-21,Decrypt,15
2024-10-21,Blockworks,24
2024-10-21,CoinDesk,9
2024-10-21,U.Today,97
2024-10-21,BeInCrypto,6
2024-10-21,CryptoTimes,0
2024-10-22,Decrypt,15
2024-10-22,Blockworks,24
2024-10-22,CoinDesk,9
2024-10-22,U.Today,97
2024-10-22,BeInCrypto,6
2024-10-22,CryptoTimes,0
2024-10-23,Decrypt,15
2024-10-23,Blockworks,24
2024-10-23,CoinDesk,9
2024-10-23,U.Today,97
2024-10-23,BeInCrypto,6
2024-10-23,CryptoTimes,0
2024-10-24,Decrypt,15
2024-10-24,Blockworks,24
2024-10-24,CoinDesk,9
2024-10-24,U.Today,97
2024-10-24,BeInCrypto,6
2024-10-24,CryptoTimes,0
2024-10-25,Decrypt,15
2024-10-25,Blockworks,24
2024-10-25,CoinDesk,9
2024-10-25,U.Today,97
2024-10-25,BeInCrypto,6
2024-10-25,CryptoTimes,0
2024-10-26,Decrypt,15
2024-10-26,Blockworks,24
2024-10-26,CoinDesk,9
2024-10-26,U.Today,97
2024-10-26,BeInCrypto,6
2024-10-26,CryptoTimes,0
2024-10-27,Decrypt,15
2024-10-27,Blockworks,24
2024-10-27,CoinDesk,9
2024-10-27,U.Today,97
2024-10-27,BeInCrypto,6
2024-10-27,CryptoTimes,30
2024-10-28,Decrypt,15
2024-10-28,Blockworks,24
2024-10-28,CoinDesk,9
2024-10-28,U.Today,97
2024-10-28,BeInCrypto,6
2024-10-28,CryptoTimes,30
2024-10-29,Decrypt,15
2024-10-29,Blockworks,24
2024-10-29,CoinDesk,9
2024-10-29,U.Today,97
2024-10-29,BeInCrypto,6
2024-10-29,CryptoTimes,30
2024-10-30,Decrypt,15
2024-10-30,Blockworks,24
2024-10-30,CoinDesk,9
2024-10-30,U.Today,97
2024-10-30,BeInCrypto,6
2024-10-30,CryptoTimes,30
2024-10-31,Decrypt,15
2024-10-31,Blockworks,24
2024-10-31,CoinDesk,9
2024-10-31,U.Today,97
2024-10-31,BeInCrypto,6
2024-10-31,CryptoTimes,30
2024-11-01,Decrypt,15
2024-11-01,Blockworks,0
2024-11-01,CoinDesk,9
2024-11-01,U.Today,97
2024-11-01,BeInCrypto,6
2024-11-01,CryptoTimes,30
2024-11-02,Decrypt,15
2024-11-02,Blockworks,24
2024-11-02,CoinDesk,9
2024-11-02,U.Today,97
2024-11-02,BeInCrypto,6
2024-11-02,CryptoTimes,30
2024-11-03,Decrypt,15
2024-11-03,Blockworks,24
2024-11-03,CoinDesk,9
2024-11-03,U.Today,97
2024-11-03,BeInCrypto,6
2024-11-03,CryptoTimes,30
2024-11-04,Decrypt,15
2024-11-04,Blockworks,24
2024-11-04,CoinDesk,9
2024-11-04,U.Today,97
2024-11-04,BeInCrypto,6
2024-11-04,CryptoTimes,30
2024-11-05,Decrypt,15
2024-11-05,Blockworks,24
2024-11-05,CoinDesk,9
2024-11-05,U.Today,97
2024-11-05,BeInCrypto,6
2024-11-05,CryptoTimes,30
2024-11-06,Decrypt,15
2024-11-06,Blockworks,24
2024-11-06,CoinDesk,9
2024-11-06,U.Today,97
2024-11-06,BeInCrypto,6
2024-11-06,CryptoTimes,30
2024-11-07,Decrypt,15
2024-11-07,Blockworks,24
2024-11-07,CoinDesk,9
2024-11-07,U.Today,97
2024-11-07,BeInCrypto,0
2024-11-07,CryptoTimes,30
2024-11-08,Decrypt,15
2024-11-08,Blockworks,24
2024-11-08,CoinDesk,9
2024-11-08,U.Today,97
2024-11-08,BeInCrypto,0
2024-11-08,CryptoTimes,30
2024-11-09,Decrypt,15
2024-11-09,Blockworks,24
2024-11-09,CoinDesk,9
2024-11-09,U.Today,97
2024-11-09,BeInCrypto,6
2024-11-09,CryptoTimes,30
2024-11-10,Decrypt,15
2024-11-10,Blockworks,24
2024-11-10,CoinDesk,9
2024-11-10,U.Today,97
2024-11-10,BeInCrypto,6
2024-11-10,CryptoTimes,30
2024-11-11,Decrypt,15
2024-11-11,Blockworks,24
2024-11-11,CoinDesk,9
2024-11-11,U.Today,97
2024-11-11,BeInCrypto,6
2024-11-11,CryptoTimes,30
2024-11-12,Decrypt,15
2024-11-12,Blockworks,24
2024-11-12,CoinDesk,9
2024-11-12,U.Today,97
2024-11-12,BeInCrypto,6
2024-11-12,CryptoTimes,30
2024-11-13,Decrypt,15
2024-11-13,Blockworks,24
2024-11-13,CoinDesk,9
2024-11-13,U.Today,97
2024-11-13,BeInCrypto,6
2024-11-13,CryptoTimes,30
2024-11-14,Decrypt,15
2024-11-14,Blockworks,24
2024-11-14,CoinDesk,9
2024-11-14,U.Today,97
2024-11-14,BeInCrypto,6
2024-11-14,CryptoTimes,30
2024-11-15,Decrypt,15
2024-11-15,Blockworks,24
2024-11-15,CoinDesk,9
2024-11-15,U.Today,97
2024-11-15,BeInCrypto,6
2024-11-15,CryptoTimes,30
2024-11-16,Decrypt,15
2024-11-16,Blockworks,24
2024-11-16,CoinDesk,9
2024-11-16,U.Today,97
2024-11-16,BeInCrypto,6
2024-11-16,CryptoTimes,30
2024-11-17,Decrypt,15
2024-11-17,Blockworks,24
2024-11-17,CoinDesk,9
2024-11-17,U.Today,97
2024-11-17,BeInCrypto,6
2024-11-17,CryptoTimes,30
2024-11-18,Decrypt,15
2024-11-18,Blockworks,24
2024-11-18,CoinDesk,9
2024-11-18,U.Today,97
2024-11-18,BeInCrypto,6
2024-11-18,CryptoTimes,30
2024-11-19,Decrypt,15
2024-11-19,Blockworks,24
2024-11-19,CoinDesk,9
2024-11-19,U.Today,97
2024-11-19,BeInCrypto,6
2024-11-19,CryptoTimes,30
2024-11-20,Decrypt,15
2024-11-20,Blockworks,24
2024-11-20,CoinDesk,9
2024-11-20,U.Today,97
2024-11-20,BeInCrypto,6
2024-11-20,CryptoTimes,30
2024-11-21,Decrypt,15
2024-11-21,Blockworks,24
2024-11-21,CoinDesk,9
2024-11-21,U.Today,97
2024-11-21,BeInCrypto,6
2024-11-21,CryptoTimes,30
2024-11-22,Decrypt,15
2024-11-22,Blockworks,24
2024-11-22,CoinDesk,9
2024-11-22,U.Today,97
2024-11-22,BeInCrypto,6
2024-11-22,CryptoTimes,30
2024-11-23,Decrypt,15
2024-11-23,Blockworks,24
2024-11-23,CoinDesk,9
2024-11-23,U.Today,97
2024-11-23,BeInCrypto,6
2024-11-23,CryptoTimes,30
2024-11-24,Decrypt,15
2024-11-24,Blockworks,24
2024-11-24,CoinDesk,9
2024-11-24,U.Today,97
2024-11-24,BeInCrypto,6
2024-11-24,CryptoTimes,30
2024-11-25,Decrypt,15
2024-11-25,Blockworks,24
2024-11-25,CoinDesk,0
2024-11-25,U.Today,97
2024-11-25,BeInCrypto,6
2024-11-25,CryptoTimes,30
2024-11-26,Decrypt,15
2024-11-26,Blockworks,24
2024-11-26,CoinDesk,0
2024-11-26,U.Today,97
2024-11-26,BeInCrypto,6
2024-11-26,CryptoTimes,30
2024-11-27,Decrypt,15
2024-11-27,Blockworks,24
2024-11-27,CoinDesk,0
2024-11-27,U.Today,97
2024-11-27,BeInCrypto,6
2024-11-27,CryptoTimes,30
2024-11-28,Decrypt,15
2024-11-28,Blockworks,24
2024-11-28,CoinDesk,0
2024-11-28,U.Today,97
2024-11-28,BeInCrypto,6
2024-11-28,CryptoTimes,30
2024-11-29,Decrypt,15
2024-11-29,Blockworks,24
2024-11-29,CoinDesk,0
2024-11-29,U.Today,97
2024-11-29,BeInCrypto,6
2024-11-29,CryptoTimes,30
2024-11-30,Decrypt,15
2024-11-30,Blockworks,24
2024-11-30,CoinDesk,0
2024-11-30,U.Today,97
2024-11-30,BeInCrypto,6
2024-11-30,CryptoTimes,30
2024-12-01,Decrypt,15
2024-12-01,Blockworks,24
2024-12-01,CoinDesk,0
2024-12-01,U.Today,97
2024-12-01,BeInCrypto,6
2024-12-01,CryptoTimes,30
2024-12-02,Decrypt,15
2024-12-02,Blockworks,24
2024-12-02,CoinDesk,0
2024-12-02,U.Today,97
2024-12-02,BeInCrypto,6
2024-12-02,CryptoTimes,30
2024-12-03,Decrypt,0
2024-12-03,Blockworks,24
2024-12-03,CoinDesk,0
2024-12-03,U.Today,97
2024-12-03,BeInCrypto,6
2024-12-03,CryptoTimes,30
2024-12-04,Decrypt,15
2024-12-04,Blockworks,24
2024-12-04,CoinDesk,0
2024-12-04,U.Today,97
2024-12-04,BeInCrypto,6
2024-12-04,CryptoTimes,30
2024-12-05,Decrypt,15
2024-12-05,Blockworks,24
2024-12-05,CoinDesk,0
2024-12-05,U.Today,97
2024-12-05,BeInCrypto,6
2024-12-05,CryptoTimes,30
2024-12-06,Decrypt,15
2024-12-06,Blockworks,24
2024-12-06,CoinDesk,0
2024-12-06,U.Today,97
2024-12-06,BeInCrypto,6
2024-12-06,CryptoTimes,30
2024-12-07,Decrypt,15
2024-12-07,Blockworks,24
2024-12-07,CoinDesk,0
2024-12-07,U.Today,97
2024-12-07,BeInCrypto,6
2024-12-07,CryptoTimes,30
2024-12-08,Decrypt,15
2024-12-08,Blockworks,24
2024-12-08,CoinDesk,0
2024-12-08,U.Today,97
2024-12-08,BeInCrypto,6
2024-12-08,CryptoTimes,30
2024-12-09,Decrypt,15
2024-12-09,Blockworks,24
2024-12-09,CoinDesk,0
2024-12-09,U.Today,97
2024-12-09,BeInCrypto,6
2024-12-09,CryptoTimes,30
2024-12-10,Decrypt,15
2024-12-10,Blockworks,24
2024-12-10,CoinDesk,0
2024-12-10,U.Today,97
2024-12-10,BeInCrypto,6
2024-12-10,CryptoTimes,30
2024-12-11,Decrypt,15
2024-12-11,Blockworks,24
2024-12-11,CoinDesk,0
2024-12-11,U.Today,97
2024-12-11,BeInCrypto,6
2024-12-11,CryptoTimes,30
2024-12-12,Decrypt,15
2024-12-12,Blockworks,24
2024-12-12,CoinDesk,0
2024-12-12,U.Today,97
2024-12-12,BeInCrypto,6
2024-12-12,CryptoTimes,30
2024-12-13,Decrypt,15
2024-12-13,Blockworks,24
2024-12-13,CoinDesk,0
2024-12-13,U.Today,97
2024-12-13,BeInCrypto,6
2024-12-13,CryptoTimes,30
2024-12-14,Decrypt,15
2024-12-14,Blockworks,0
2024-12-14,CoinDesk,0
2024-12-14,U.Today,97
2024-12-14,BeInCrypto,6
2024-12-14,CryptoTimes,30
2024-12-15,Decrypt,15
2024-12-15,Blockworks,0
2024-12-15,CoinDesk,0
2024-12-15,U.Today,97
2024-12-15,BeInCrypto,6
2024-12-15,CryptoTimes,30
2024-12-16,Decrypt,15
2024-12-16,Blockworks,0
2024-12-16,CoinDesk,0
2024-12-16,U.Today,97
2024-12-16,BeInCrypto,6
2024-12-16,CryptoTimes,30
2024-12-17,Decrypt,15
2024-12-17,Blockworks,0
2024-12-17,CoinDesk,0
2024-12-17,U.Today,97
2024-12-17,BeInCrypto,6
2024-12-17,CryptoTimes,30
2024-12-18,Decrypt,15
2024-12-18,Blockworks,24
2024-12-18,CoinDesk,0
2024-12-18,U.Today,97
2024-12-18,BeInCrypto,0
2024-12-18,CryptoTimes,30
2024-12-19,Decrypt,15
2024-12-19,Blockworks,24
2024-12-19,CoinDesk,0
2024-12-19,U.Today,97
2024-12-19,BeInCrypto,6
2024-12-19,CryptoTimes,30
2024-12-20,Decrypt,15
2024-12-20,Blockworks,24
2024-12-20,CoinDesk,0
2024-12-20,U.Today,97
2024-12-20,BeInCrypto,6
2024-12-20,CryptoTimes,30
2024-12-21,Decrypt,15
2024-12-21,Blockworks,24
2024-12-21,CoinDesk,0
2024-12-21,U.Today,97
2024-12-21,BeInCrypto,6
2024-12-21,CryptoTimes,30
2024-12-22,Decrypt,15
2024-12-22,Blockworks,24
2024-12-22,CoinDesk,0
2024-12-22,U.Today,97
2024-12-22,BeInCrypto,6
2024-12-22,CryptoTimes,30
2024-12-23,Decrypt,15
2024-12-23,Blockworks,24
2024-12-23,CoinDesk,0
2024-12-23,U.Today,97
2024-12-23,BeInCrypto,6
2024-12-23,CryptoTimes,30
2024-12-24,Decrypt,15
2024-12-24,Blockworks,24
2024-12-24,CoinDesk,0
2024-12-24,U.Today,97
2024-12-24,BeInCrypto,6
2024-12-24,CryptoTimes,30
2024-12-25,Decrypt,15
2024-12-25,Blockworks,24
2024-12-25,CoinDesk,0
2024-12-25,U.Today,97
2024-12-25,BeInCrypto,6
2024-12-25,CryptoTimes,30
2024-12-26,Decrypt,15
2024-12-26,Blockworks,24
2024-12-26,CoinDesk,0
2024-12-26,U.Today,97
2024-12-26,BeInCrypto,6
2024-12-26,CryptoTimes,30
2024-12-27,Decrypt,15
2024-12-27,Blockworks,24
2024-12-27,CoinDesk,0
2024-12-27,U.Today,97
2024-12-27,BeInCrypto,6
2024-12-27,CryptoTimes,30
2024-12-28,Decrypt,15
2024-12-28,Blockworks,24
2024-12-28,CoinDesk,0
2024-12-28,U.Today,97
2024-12-28,BeInCrypto,6
2024-12-28,CryptoTimes,30
2024-12-29,Decrypt,15
2024-12-29,Blockworks,24
2024-12-29,CoinDesk,0
2024-12-29,U.Today,97
2024-12-29,BeInCrypto,6
2024-12-29,CryptoTimes,30
2024-12-30,Decrypt,15
2024-12-30,Blockworks,24
2024-12-30,CoinDesk,0
2024-12-30,U.Today,97
2024-12-30,BeInCrypto,6
2024-12-30,CryptoTimes,30
2024-12-31,Decrypt,15
2024-12-31,Blockworks,24
2024-12-31,CoinDesk,0
2024-12-31,U.Today,89
2024-12-31,BeInCrypto,6
2024-12-31,CryptoTimes,30
2025-01-01,Decrypt,15
2025-01-01,Blockworks,24
2025-01-01,CoinDesk,0
2025-01-01,U.Today,89
2025-01-01,BeInCrypto,6
2025-01-01,CryptoTimes,30
2025-01-02,Decrypt,15
2025-01-02,Blockworks,24
2025-01-02,CoinDesk,0
2025-01-02,U.Today,89
2025-01-02,BeInCrypto,6
2025-01-02,CryptoTimes,30
2025-01-03,Decrypt,15
2025-01-03,Blockworks,24
2025-01-03,CoinDesk,0
2025-01-03,U.Today,89
2025-01-03,BeInCrypto,6
2025-01-03,CryptoTimes,30
2025-01-04,Decrypt,15
2025-01-04,Blockworks,24
2025-01-04,CoinDesk,0
2025-01-04,U.Today,89
2025-01-04,BeInCrypto,6
2025-01-04,CryptoTimes,30
2025-01-05,Decrypt,15
2025-01-05,Blockworks,24
2025-01-05,CoinDesk,0
2025-01-05,U.Today,89
2025-01-05,BeInCrypto,6
2025-01-05,CryptoTimes,30
2025-01-06,Decrypt,15
2025-01-06,Blockworks,24
2025-01-06,CoinDesk,0
2025-01-06,U.Today,89
2025-01-06,BeInCrypto,6
2025-01-06,CryptoTimes,30
2025-01-07,Decrypt,15
2025-01-07,Blockworks,24
2025-01-07,CoinDesk,0
2025-01-07,U.Today,89
2025-01-07,BeInCrypto,6
2025-01-07,CryptoTimes,30
2025-01-08,Decrypt,15
2025-01-08,Blockworks,24
2025-01-08,CoinDesk,0
2025-01-08,U.Today,89
2025-01-08,BeInCrypto,6
2025-01-08,CryptoTimes,30
2025-01-09,Decrypt,15
2025-01-09,Blockworks,24
2025-01-09,CoinDesk,0
2025-01-09,U.Today,89
2025-01-09,BeInCrypto,6
2025-01-09,CryptoTimes,30
2025-01-10,Decrypt,15
2025-01-10,Blockworks,24
2025-01-10,CoinDesk,0
2025-01-10,U.Today,89
2025-01-10,BeInCrypto,6
2025-01-10,CryptoTimes,0
2025-01-11,Decrypt,15
2025-01-11,Blockworks,24
2025-01-11,CoinDesk,0
2025-01-11,U.Today,89
2025-01-11,BeInCrypto,6
2025-01-11,CryptoTimes,0
2025-01-12,Decrypt,15
2025-01-12,Blockworks,24
2025-01-12,CoinDesk,0
2025-01-12,U.Today,89
2025-01-12,BeInCrypto,6
2025-01-12,CryptoTimes,0
2025-01-13,Decrypt,15
2025-01-13,Blockworks,24
2025-01-13,CoinDesk,0
2025-01-13,U.Today,89
2025-01-13,BeInCrypto,6
2025-01-13,CryptoTimes,0
2025-01-14,Decrypt,15
2025-01-14,Blockworks,24
2025-01-14,CoinDesk,0
2025-01-14,U.Today,89
2025-01-14,BeInCrypto,6
2025-01-14,CryptoTimes,0
2025-01-15,Decrypt,15
2025-01-15,Blockworks,24
2025-01-15,CoinDesk,0
2025-01-15,U.Today,89
2025-01-15,BeInCrypto,6
2025-01-15,CryptoTimes,0
2025-01-16,Decrypt,15
2025-01-16,Blockworks,24
2025-01-16,CoinDesk,0
2025-01-16,U.Today,89
2025-01-16,BeInCrypto,6
2025-01-16,CryptoTimes,0
2025-01-17,Decrypt,15
2025-01-17,Blockworks,24
2025-01-17,CoinDesk,0
2025-01-17,U.Today,89
2025-01-17,BeInCrypto,6
2025-01-17,CryptoTimes,0
2025-01-18,Decrypt,15
2025-01-18,Blockworks,24
2025-01-18,CoinDesk,0
2025-01-18,U.Today,89
2025-01-18,BeInCrypto,6
2025-01-18,CryptoTimes,0
2025-01-19,Decrypt,15
2025-01-19,Blockworks,24
2025-01-19,CoinDesk,0
2025-01-19,U.Today,89
2025-01-19,BeInCrypto,6
2025-01-19,CryptoTimes,0
2025-01-20,Decrypt,15
2025-01-20,Blockworks,24
2025-01-20,CoinDesk,0
2025-01-20,U.Today,89
2025-01-20,BeInCrypto,6
2025-01-20,CryptoTimes,0
2025-01-21,Decrypt,15
2025-01-21,Blockworks,24
2025-01-21,CoinDesk,0
2025-01-21,U.Today,89
2025-01-21,BeInCrypto,6
2025-01-21,CryptoTimes,0
2025-01-22,Decrypt,15
2025-01-22,Blockworks,24
2025-01-22,CoinDesk,0
2025-01-22,U.Today,89
2025-01-22,BeInCrypto,6
2025-01-22,CryptoTimes,0
2025-01-23,Decrypt,15
2025-01-23,Blockworks,24
2025-01-23,CoinDesk,0
2025-01-23,U.Today,89
2025-01-23,BeInCrypto,6
2025-01-23,CryptoTimes,0
2025-01-24,Decrypt,15
2025-01-24,Blockworks,24
2025-01-24,CoinDesk,0
2025-01-24,U.Today,89
2025-01-24,BeInCrypto,6
2025-01-24,CryptoTimes,0
2025-01-25,Decrypt,15
2025-01-25,Blockworks,0
2025-01-25,CoinDesk,0
2025-01-25,U.Today,89
2025-01-25,BeInCrypto,6
2025-01-25,CryptoTimes,0
2025-01-26,Decrypt,15
2025-01-26,Blockworks,24
2025-01-26,CoinDesk,0
2025-01-26,U.Today,89
2025-01-26,BeInCrypto,6
2025-01-26,CryptoTimes,0
2025-01-27,Decrypt,15
2025-01-27,Blockworks,24
2025-01-27,CoinDesk,0
2025-01-27,U.Today,89
2025-01-27,BeInCrypto,6
2025-01-27,CryptoTimes,0
2025-01-28,Decrypt,15
2025-01-28,Blockworks,24
2025-01-28,CoinDesk,0
2025-01-28,U.Today,89
2025-01-28,BeInCrypto,6
2025-01-28,CryptoTimes,0
2025-01-29,Decrypt,15
2025-01-29,Blockworks,24
2025-01-29,CoinDesk,0
2025-01-29,U.Today,89
2025-01-29,BeInCrypto,6
2025-01-29,CryptoTimes,0
2025-01-30,Decrypt,15
2025-01-30,Blockworks,24
2025-01-30,CoinDesk,0
2025-01-30,U.Today,89
2025-01-30,BeInCrypto,6
2025-01-30,CryptoTimes,0
2025-01-31,Decrypt,15
2025-01-31,Blockworks,24
2025-01-31,CoinDesk,0
2025-01-31,U.Today,89
2025-01-31,BeInCrypto,6
2025-01-31,CryptoTimes,0
2025-02-01,Decrypt,15
2025-02-01,Blockworks,24
2025-02-01,CoinDesk,0
2025-02-01,U.Today,89
2025-02-01,BeInCrypto,6
2025-02-01,CryptoTimes,0
2025-02-02,Decrypt,15
2025-02-02,Blockworks,24
2025-02-02,CoinDesk,0
2025-02-02,U.Today,89
2025-02-02,BeInCrypto,6
2025-02-02,CryptoTimes,0
2025-02-03,Decrypt,15
2025-02-03,Blockworks,24
2025-02-03,CoinDesk,0
2025-02-03,U.Today,89
2025-02-03,BeInCrypto,6
2025-02-03,CryptoTimes,30
2025-02-04,Decrypt,15
2025-02-04,Blockworks,24
2025-02-04,CoinDesk,0
2025-02-04,U.Today,89
2025-02-04,BeInCrypto,6
2025-02-04,CryptoTimes,30
2025-02-05,Decrypt,15
2025-02-05,Blockworks,24
2025-02-05,CoinDesk,0
2025-02-05,U.Today,89
2025-02-05,BeInCrypto,6
2025-02-05,CryptoTimes,30
2025-02-06,Decrypt,15
2025-02-06,Blockworks,24
2025-02-06,CoinDesk,0
2025-02-06,U.Today,89
2025-02-06,BeInCrypto,6
2025-02-06,CryptoTimes,30
2025-02-07,Decrypt,15
2025-02-07,Blockworks,24
2025-02-07,CoinDesk,0
2025-02-07,U.Today,89
2025-02-07,BeInCrypto,6
2025-02-07,CryptoTimes,30
2025-02-08,Decrypt,15
2025-02-08,Blockworks,24
2025-02-08,CoinDesk,0
2025-02-08,U.Today,89
2025-02-08,BeInCrypto,6
2025-02-08,CryptoTimes,30
2025-02-09,Decrypt,15
2025-02-09,Blockworks,24
2025-02-09,CoinDesk,0
2025-02-09,U.Today,89
2025-02-09,BeInCrypto,6
2025-02-09,CryptoTimes,30
2025-02-10,Decrypt,15
2025-02-10,Blockworks,0
2025-02-10,CoinDesk,0
2025-02-10,U.Today,89
2025-02-10,BeInCrypto,6
2025-02-10,CryptoTimes,30
2025-02-11,Decrypt,15
2025-02-11,Blockworks,24
2025-02-11,CoinDesk,0
2025-02-11,U.Today,89
2025-02-11,BeInCrypto,6
2025-02-11,CryptoTimes,30
2025-02-12,Decrypt,15
2025-02-12,Blockworks,24
2025-02-12,CoinDesk,0
2025-02-12,U.Today,89
2025-02-12,BeInCrypto,6
2025-02-12,CryptoTimes,30
2025-02-13,Decrypt,15
2025-02-13,Blockworks,24
2025-02-13,CoinDesk,0
2025-02-13,U.Today,89
2025-02-13,BeInCrypto,6
2025-02-13,CryptoTimes,30
2025-02-14,Decrypt,15
2025-02-14,Blockworks,24
2025-02-14,CoinDesk,0
2025-02-14,U.Today,89
2025-02-14,BeInCrypto,6
2025-02-14,CryptoTimes,30
2025-02-15,Decrypt,15
2025-02-15,Blockworks,24
2025-02-15,CoinDesk,0
2025-02-15,U.Today,89
2025-02-15,BeInCrypto,6
2025-02-15,CryptoTimes,30
2025-02-16,Decrypt,15
2025-02-16,Blockworks,0
2025-02-16,CoinDesk,0
2025-02-16,U.Today,89
2025-02-16,BeInCrypto,6
2025-02-16,CryptoTimes,30
2025-02-17,Decrypt,15
2025-02-17,Blockworks,0
2025-02-17,CoinDesk,0
2025-02-17,U.Today,89
2025-02-17,BeInCrypto,6
2025-02-17,CryptoTimes,30
2025-02-18,Decrypt,15
2025-02-18,Blockworks,24
2025-02-18,CoinDesk,0
2025-02-18,U.Today,89
2025-02-18,BeInCrypto,6
2025-02-18,CryptoTimes,30
2025-02-19,Decrypt,15
2025-02-19,Blockworks,24
2025-02-19,CoinDesk,0
2025-02-19,U.Today,89
2025-02-19,BeInCrypto,6
2025-02-19,CryptoTimes,30
2025-02-20,Decrypt,15
2025-02-20,Blockworks,24
2025-02-20,CoinDesk,0
2025-02-20,U.Today,89
2025-02-20,BeInCrypto,6
2025-02-20,CryptoTimes,30
2025-02-21,Decrypt,15
2025-02-21,Blockworks,24
2025-02-21,CoinDesk,0
2025-02-21,U.Today,89
2025-02-21,BeInCrypto,6
2025-02-21,CryptoTimes,30
2025-02-22,Decrypt,15
2025-02-22,Blockworks,24
2025-02-22,CoinDesk,0
2025-02-22,U.Today,89
2025-02-22,BeInCrypto,6
2025-02-22,CryptoTimes,30
2025-02-23,Decrypt,15
2025-02-23,Blockworks,24
2025-02-23,CoinDesk,0
2025-02-23,U.Today,89
2025-02-23,BeInCrypto,6
2025-02-23,CryptoTimes,30
2025-02-24,Decrypt,15
2025-02-24,Blockworks,24
2025-02-24,CoinDesk,0
2025-02-24,U.Today,89
2025-02-24,BeInCrypto,6
2025-02-24,CryptoTimes,30
2025-02-25,Decrypt,15
2025-02-25,Blockworks,24
2025-02-25,CoinDesk,0
2025-02-25,U.Today,89
2025-02-25,BeInCrypto,6
2025-02-25,CryptoTimes,30
2025-02-26,Decrypt,15
2025-02-26,Blockworks,24
2025-02-26,CoinDesk,0
2025-02-26,U.Today,89
2025-02-26,BeInCrypto,6
2025-02-26,CryptoTimes,30
2025-02-27,Decrypt,15
2025-02-27,Blockworks,24
2025-02-27,CoinDesk,0
2025-02-27,U.Today,83
2025-02-27,BeInCrypto,6
2025-02-27,CryptoTimes,30
2025-02-28,Decrypt,15
2025-02-28,Blockworks,24
2025-02-28,CoinDesk,0
2025-02-28,U.Today,83
2025-02-28,BeInCrypto,6
2025-02-28,CryptoTimes,30
2025-03-01,Decrypt,15
2025-03-01,Blockworks,24
2025-03-01,CoinDesk,0
2025-03-01,U.Today,83
2025-03-01,BeInCrypto,6
2025-03-01,CryptoTimes,30
2025-03-02,Decrypt,15
2025-03-02,Blockworks,24
2025-03-02,CoinDesk,0
2025-03-02,U.Today,83
2025-03-02,BeInCrypto,6
2025-03-02,CryptoTimes,30
2025-03-03,Decrypt,15
2025-03-03,Blockworks,24
2025-03-03,CoinDesk,0
2025-03-03,U.Today,83
2025-03-03,BeInCrypto,6
2025-03-03,CryptoTimes,30
2025-03-04,Decrypt,15
2025-03-04,Blockworks,24
2025-03-04,CoinDesk,0
2025-03-04,U.Today,83
2025-03-04,BeInCrypto,6
2025-03-04,CryptoTimes,30
2025-03-05,Decrypt,15
2025-03-05,Blockworks,24
2025-03-05,CoinDesk,0
2025-03-05,U.Today,83
2025-03-05,BeInCrypto,6
2025-03-05,CryptoTimes,30
2025-03-06,Decrypt,15
2025-03-06,Blockworks,24
2025-03-06,CoinDesk,0
2025-03-06,U.Today,86
2025-03-06,BeInCrypto,6
2025-03-06,CryptoTimes,30
2025-03-07,Decrypt,15
2025-03-07,Blockworks,24
2025-03-07,CoinDesk,0
2025-03-07,U.Today,87
2025-03-07,BeInCrypto,6
2025-03-07,CryptoTimes,30
2025-03-08,Decrypt,15
2025-03-08,Blockworks,24
2025-03-08,CoinDesk,0
2025-03-08,U.Today,87
2025-03-08,BeInCrypto,6
2025-03-08,CryptoTimes,30
2025-03-09,Decrypt,15
2025-03-09,Blockworks,24
2025-03-09,CoinDesk,0
2025-03-09,U.Today,87
2025-03-09,BeInCrypto,6
2025-03-09,CryptoTimes,30
2025-03-10,Decrypt,15
2025-03-10,Blockworks,24
2025-03-10,CoinDesk,0
2025-03-10,U.Today,87
2025-03-10,BeInCrypto,6
2025-03-10,CryptoTimes,30
2025-03-11,Decrypt,15
2025-03-11,Blockworks,24
2025-03-11,CoinDesk,0
2025-03-11,U.Today,87
2025-03-11,BeInCrypto,6
2025-03-11,CryptoTimes,30
2025-03-12,Decrypt,15
2025-03-12,Blockworks,24
2025-03-12,CoinDesk,0
2025-03-12,U.Today,87
2025-03-12,BeInCrypto,6
2025-03-12,CryptoTimes,30
2025-03-13,Decrypt,15
2025-03-13,Blockworks,24
2025-03-13,CoinDesk,0
2025-03-13,U.Today,87
2025-03-13,BeInCrypto,6
2025-03-13,CryptoTimes,30
2025-03-14,Decrypt,15
2025-03-14,Blockworks,0
2025-03-14,CoinDesk,0
2025-03-14,U.Today,87
2025-03-14,BeInCrypto,6
2025-03-14,CryptoTimes,30
2025-03-15,Decrypt,15
2025-03-15,Blockworks,24
2025-03-15,CoinDesk,0
2025-03-15,U.Today,87
2025-03-15,BeInCrypto,0
2025-03-15,CryptoTimes,30
2025-03-16,Decrypt,15
2025-03-16,Blockworks,0
2025-03-16,CoinDesk,0
2025-03-16,U.Today,87
2025-03-16,BeInCrypto,0
2025-03-16,CryptoTimes,30
2025-03-17,Decrypt,15
2025-03-17,Blockworks,24
2025-03-17,CoinDesk,0
2025-03-17,U.Today,87
2025-03-17,BeInCrypto,0
2025-03-17,CryptoTimes,0
2025-03-18,Decrypt,15
2025-03-18,Blockworks,24
2025-03-18,CoinDesk,0
2025-03-18,U.Today,87
2025-03-18,BeInCrypto,6
2025-03-18,CryptoTimes,0
2025-03-19,Decrypt,15
2025-03-19,Blockworks,24
2025-03-19,CoinDesk,0
2025-03-19,U.Today,87
2025-03-19,BeInCrypto,6
2025-03-19,CryptoTimes,0
2025-03-20,Decrypt,15
2025-03-20,Blockworks,24
2025-03-20,CoinDesk,0
2025-03-20,U.Today,87
2025-03-20,BeInCrypto,6
2025-03-20,CryptoTimes,0
2025-03-21,Decrypt,15
2025-03-21,Blockworks,24
2025-03-21,CoinDesk,0
2025-03-21,U.Today,87
2025-03-21,BeInCrypto,6
2025-03-21,CryptoTimes,0
2025-03-22,Decrypt,15
2025-03-22,Blockworks,24
2025-03-22,CoinDesk,0
2025-03-22,U.Today,87
2025-03-22,BeInCrypto,6
2025-03-22,CryptoTimes,0
2025-03-23,Decrypt,15
2025-03-23,Blockworks,24
2025-03-23,CoinDesk,0
2025-03-23,U.Today,87
2025-03-23,BeInCrypto,6
2025-03-23,CryptoTimes,0
2025-03-24,Decrypt,15
2025-03-24,Blockworks,0
2025-03-24,CoinDesk,0
2025-03-24,U.Today,87
2025-03-24,BeInCrypto,6
2025-03-24,CryptoTimes,0
2025-03-25,Decrypt,15
2025-03-25,Blockworks,24
2025-03-25,CoinDesk,0
2025-03-25,U.Today,87
2025-03-25,BeInCrypto,6
2025-03-25,CryptoTimes,30
2025-03-26,Decrypt,15
2025-03-26,Blockworks,24
2025-03-26,CoinDesk,0
2025-03-26,U.Today,87
2025-03-26,BeInCrypto,6
2025-03-26,CryptoTimes,30
2025-03-27,Decrypt,15
2025-03-27,Blockworks,24
2025-03-27,CoinDesk,0
2025-03-27,U.Today,87
2025-03-27,BeInCrypto,6
2025-03-27,CryptoTimes,30
2025-03-28,Decrypt,15
2025-03-28,Blockworks,24
2025-03-28,CoinDesk,0
2025-03-28,U.Today,87
2025-03-28,BeInCrypto,6
2025-03-28,CryptoTimes,30
2025-03-29,Decrypt,15
2025-03-29,Blockworks,24
2025-03-29,CoinDesk,0
2025-03-29,U.Today,87
2025-03-29,BeInCrypto,6
2025-03-29,CryptoTimes,30
2025-03-30,Decrypt,15
2025-03-30,Blockworks,24
2025-03-30,CoinDesk,0
2025-03-30,U.Today,87
2025-03-30,BeInCrypto,6
2025-03-30,CryptoTimes,30
2025-03-31,Decrypt,15
2025-03-31,Blockworks,24
2025-03-31,CoinDesk,0
2025-03-31,U.Today,87
2025-03-31,BeInCrypto,6
2025-03-31,CryptoTimes,30
2025-04-01,Decrypt,15
2025-04-01,Blockworks,24
2025-04-01,CoinDesk,0
2025-04-01,U.Today,87
2025-04-01,BeInCrypto,6
2025-04-01,CryptoTimes,30
2025-04-02,Decrypt,15
2025-04-02,Blockworks,24
2025-04-02,CoinDesk,0
2025-04-02,U.Today,87
2025-04-02,BeInCrypto,6
2025-04-02,CryptoTimes,30
2025-04-03,Decrypt,15
2025-04-03,Blockworks,24
2025-04-03,CoinDesk,0
2025-04-03,U.Today,87
2025-04-03,BeInCrypto,0
2025-04-03,CryptoTimes,30
2025-04-04,Decrypt,15
2025-04-04,Blockworks,24
2025-04-04,CoinDesk,0
2025-04-04,U.Today,87
2025-04-04,BeInCrypto,6
2025-04-04,CryptoTimes,30
2025-04-05,Decrypt,15
2025-04-05,Blockworks,24
2025-04-05,CoinDesk,0
2025-04-05,U.Today,79
2025-04-05,BeInCrypto,6
2025-04-05,CryptoTimes,30
2025-04-06,Decrypt,15
2025-04-06,Blockworks,24
2025-04-06,CoinDesk,0
2025-04-06,U.Today,79
2025-04-06,BeInCrypto,6
2025-04-06,CryptoTimes,30
2025-04-08,Decrypt,15
2025-04-08,Blockworks,24
2025-04-08,CoinDesk,0
2025-04-08,U.Today,79
2025-04-08,BeInCrypto,6
2025-04-08,CryptoTimes,30
2025-04-09,Decrypt,15
2025-04-09,Blockworks,24
2025-04-09,CoinDesk,0
2025-04-09,U.Today,79
2025-04-09,BeInCrypto,6
2025-04-09,CryptoTimes,30
2025-04-10,Decrypt,15
2025-04-10,Blockworks,24
2025-04-10,CoinDesk,0
2025-04-10,U.Today,79
2025-04-10,BeInCrypto,6
2025-04-10,CryptoTimes,30
2025-04-11,Decrypt,15
2025-04-11,Blockworks,24
2025-04-11,CoinDesk,0
2025-04-11,U.Today,79
2025-04-11,BeInCrypto,6
2025-04-11,CryptoTimes,30
2025-04-12,Decrypt,15
2025-04-12,Blockworks,24
2025-04-12,CoinDesk,0
2025-04-12,U.Today,79
2025-04-12,BeInCrypto,6
2025-04-12,CryptoTimes,30
2025-04-13,Decrypt,15
2025-04-13,Blockworks,24
2025-04-13,CoinDesk,0
2025-04-13,U.Today,79
2025-04-13,BeInCrypto,6
2025-04-13,CryptoTimes,30
2025-04-14,Decrypt,15
2025-04-14,Blockworks,24
2025-04-14,CoinDesk,0
2025-04-14,U.Today,79
2025-04-14,BeInCrypto,6
2025-04-14,CryptoTimes,30
2025-04-15,Decrypt,15
2025-04-15,Blockworks,24
2025-04-15,CoinDesk,0
2025-04-15,U.Today,79
2025-04-15,BeInCrypto,6
2025-04-15,CryptoTimes,30
2025-04-16,Decrypt,15
2025-04-16,Blockworks,24
2025-04-16,CoinDesk,0
2025-04-16,U.Today,79
2025-04-16,BeInCrypto,6
2025-04-16,CryptoTimes,30
2025-04-17,Decrypt,15
2025-04-17,Blockworks,24
2025-04-17,CoinDesk,0
2025-04-17,U.Today,79
2025-04-17,BeInCrypto,6
2025-04-17,CryptoTimes,30
2025-04-18,Decrypt,15
2025-04-18,Blockworks,24
2025-04-18,CoinDesk,0
2025-04-18,U.Today,79
2025-04-18,BeInCrypto,6
2025-04-18,CryptoTimes,30
2025-04-19,Decrypt,15
2025-04-19,Blockworks,24
2025-04-19,CoinDesk,0
2025-04-19,U.Today,79
2025-04-19,BeInCrypto,6
2025-04-19,CryptoTimes,30
2025-04-20,Decrypt,15
2025-04-20,Blockworks,0
2025-04-20,CoinDesk,0
2025-04-20,U.Today,79
2025-04-20,BeInCrypto,6
2025-04-20,CryptoTimes,30
2025-04-21,Decrypt,15
2025-04-21,Blockworks,24
2025-04-21,CoinDesk,0
2025-04-21,U.Today,79
2025-04-21,BeInCrypto,6
2025-04-21,CryptoTimes,30
2025-04-22,Decrypt,15
2025-04-22,Blockworks,24
2025-04-22,CoinDesk,0
2025-04-22,U.Today,79
2025-04-22,BeInCrypto,6
2025-04-22,CryptoTimes,30
2025-04-23,Decrypt,15
2025-04-23,Blockworks,24
2025-04-23,CoinDesk,0
2025-04-23,U.Today,79
2025-04-23,BeInCrypto,6
2025-04-23,CryptoTimes,30
2025-04-24,Decrypt,15
2025-04-24,Blockworks,24
2025-04-24,CoinDesk,0
2025-04-24,U.Today,79
2025-04-24,BeInCrypto,6
2025-04-24,CryptoTimes,30
2025-04-25,Decrypt,15
2025-04-25,Blockworks,24
2025-04-25,CoinDesk,0
2025-04-25,U.Today,79
2025-04-25,BeInCrypto,6
2025-04-25,CryptoTimes,30
2025-04-26,Decrypt,15
2025-04-26,Blockworks,24
2025-04-26,CoinDesk,0
2025-04-26,U.Today,79
2025-04-26,BeInCrypto,6
2025-04-26,CryptoTimes,30
2025-04-27,Decrypt,15
2025-04-27,Blockworks,24
2025-04-27,CoinDesk,0
2025-04-27,U.Today,79
2025-04-27,BeInCrypto,6
2025-04-27,CryptoTimes,30
2025-04-28,Decrypt,15
2025-04-28,Blockworks,24
2025-04-28,CoinDesk,0
2025-04-28,U.Today,79
2025-04-28,BeInCrypto,6
2025-04-28,CryptoTimes,30
2025-04-29,Decrypt,15
2025-04-29,Blockworks,24
2025-04-29,CoinDesk,0
2025-04-29,U.Today,79
2025-04-29,BeInCrypto,6
2025-04-29,CryptoTimes,30
2025-04-30,Decrypt,15
2025-04-30,Blockworks,24
2025-04-30,CoinDesk,0
2025-04-30,U.Today,79
2025-04-30,BeInCrypto,6
2025-04-30,CryptoTimes,30
2025-05-01,Decrypt,15
2025-05-01,Blockworks,24
2025-05-01,CoinDesk,0
2025-05-01,U.Today,79
2025-05-01,BeInCrypto,6
2025-05-01,CryptoTimes,30
2025-05-02,Decrypt,15
2025-05-02,Blockworks,24
2025-05-02,CoinDesk,0
2025-05-02,U.Today,79
2025-05-02,BeInCrypto,6
2025-05-02,CryptoTimes,30
2025-05-03,Decrypt,15
2025-05-03,Blockworks,24
2025-05-03,CoinDesk,0
2025-05-03,U.Today,79
2025-05-03,BeInCrypto,6
2025-05-03,CryptoTimes,30
2025-05-04,Decrypt,15
2025-05-04,Blockworks,24
2025-05-04,CoinDesk,0
2025-05-04,U.Today,79
2025-05-04,BeInCrypto,6
2025-05-04,CryptoTimes,30
2025-05-05,Decrypt,15
2025-05-05,Blockworks,24
2025-05-05,CoinDesk,0
2025-05-05,U.Today,79
2025-05-05,BeInCrypto,6
2025-05-05,CryptoTimes,30
2025-05-06,Decrypt,15
2025-05-06,Blockworks,24
2025-05-06,CoinDesk,0
2025-05-06,U.Today,79
2025-05-06,BeInCrypto,6
2025-05-06,CryptoTimes,30
2025-05-07,Decrypt,15
2025-05-07,Blockworks,24
2025-05-07,CoinDesk,0
2025-05-07,U.Today,79
2025-05-07,BeInCrypto,6
2025-05-07,CryptoTimes,30
2025-05-08,Decrypt,15
2025-05-08,Blockworks,24
2025-05-08,CoinDesk,0
2025-05-08,U.Today,79
2025-05-08,BeInCrypto,6
2025-05-08,CryptoTimes,30
2025-05-09,Decrypt,15
2025-05-09,Blockworks,24
2025-05-09,CoinDesk,0
2025-05-09,U.Today,79
2025-05-09,BeInCrypto,6
2025-05-09,CryptoTimes,30
2025-05-10,Decrypt,15
2025-05-10,Blockworks,24
2025-05-10,CoinDesk,0
2025-05-10,U.Today,79
2025-05-10,BeInCrypto,6
2025-05-10,CryptoTimes,30
2025-05-11,Decrypt,15
2025-05-11,Blockworks,0
2025-05-11,CoinDesk,0
2025-05-11,U.Today,79
2025-05-11,BeInCrypto,6
2025-05-11,CryptoTimes,30
2025-05-12,Decrypt,15
2025-05-12,Blockworks,24
2025-05-12,CoinDesk,0
2025-05-12,U.Today,79
2025-05-12,BeInCrypto,6
2025-05-12,CryptoTimes,30
2025-05-13,Decrypt,15
2025-05-13,Blockworks,24
2025-05-13,CoinDesk,0
2025-05-13,U.Today,79
2025-05-13,BeInCrypto,6
2025-05-13,CryptoTimes,30
2025-05-14,Decrypt,15
2025-05-14,Blockworks,24
2025-05-14,CoinDesk,0
2025-05-14,U.Today,79
2025-05-14,BeInCrypto,6
2025-05-14,CryptoTimes,0
2025-05-15,Decrypt,15
2025-05-15,Blockworks,24
2025-05-15,CoinDesk,0
2025-05-15,U.Today,79
2025-05-15,BeInCrypto,6
2025-05-15,CryptoTimes,0
2025-05-16,Decrypt,15
2025-05-16,Blockworks,24
2025-05-16,CoinDesk,0
2025-05-16,U.Today,79
2025-05-16,BeInCrypto,6
2025-05-16,CryptoTimes,0
2025-05-17,Decrypt,15
2025-05-17,Blockworks,24
2025-05-17,CoinDesk,0
2025-05-17,U.Today,79
2025-05-17,BeInCrypto,6
2025-05-17,CryptoTimes,0
2025-05-18,Decrypt,15
2025-05-18,Blockworks,24
2025-05-18,CoinDesk,0
2025-05-18,U.Today,79
2025-05-18,BeInCrypto,6
2025-05-18,CryptoTimes,0
2025-05-19,Decrypt,15
2025-05-19,Blockworks,24
2025-05-19,CoinDesk,0
2025-05-19,U.Today,79
2025-05-19,BeInCrypto,6
2025-05-19,CryptoTimes,0
2025-05-20,Decrypt,15
2025-05-20,Blockworks,24
2025-05-20,CoinDesk,0
2025-05-20,U.Today,79
2025-05-20,BeInCrypto,6
2025-05-20,CryptoTimes,0
2025-05-21,Decrypt,15
2025-05-21,Blockworks,24
2025-05-21,CoinDesk,0
2025-05-21,U.Today,79
2025-05-21,BeInCrypto,6
2025-05-21,CryptoTimes,0
2025-05-22,Decrypt,15
2025-05-22,Blockworks,24
2025-05-22,CoinDesk,0
2025-05-22,U.Today,79
2025-05-22,BeInCrypto,6
2025-05-22,CryptoTimes,0
2025-05-23,Decrypt,15
2025-05-23,Blockworks,24
2025-05-23,CoinDesk,0
2025-05-23,U.Today,79
2025-05-23,BeInCrypto,0
2025-05-23,CryptoTimes,0
2025-05-24,Decrypt,15
2025-05-24,Blockworks,24
2025-05-24,CoinDesk,0
2025-05-24,U.Today,79
2025-05-24,BeInCrypto,6
2025-05-24,CryptoTimes,0
2025-05-25,Decrypt,15
2025-05-25,Blockworks,24
2025-05-25,CoinDesk,0
2025-05-25,U.Today,79
2025-05-25,BeInCrypto,6
2025-05-25,CryptoTimes,0
2025-05-26,Decrypt,15
2025-05-26,Blockworks,24
2025-05-26,CoinDesk,0
2025-05-26,U.Today,79
2025-05-26,BeInCrypto,6
2025-05-26,CryptoTimes,0
